val_acc,val_loss,epoch,step
0.9025999903678894,0.3325045108795166,0,859
0.944599986076355,0.20218783617019653,1,1719
